rank,university,score,country,location,twitter_name,id,language,verified,description,n_posts,followers_count,friends_count
1,Harvard University,100,USA,"Cambridge, MA",Harvard,39585367,en,TRUE,"Devoted to excellence in teaching, learning, and research, and to developing leaders who make a difference globally.",42503,1013926,768
2,California Institute of Technology (Caltech),98.137,USA,"Pasadena, CA",Caltech,16536844,en,TRUE,"At the California Institute of Technology, extraordinary faculty and students translate big ideas into big discoveries.",7233,78925,553
3,Imperial College London,97.706,UK,London,imperialcollege,15353955,en,TRUE,We are a STEM-based university with an international reputation for excellence in teaching and research. #OurImperial,15149,104883,3309
4,Stanford University,97.604,USA,"Stanford, CA",Stanford,18036441,en,TRUE,Stanford is one of the world's leading research and teaching institutions. Official Twitter feed by University Communications.,19472,718399,517
5,Yale University,97.506,USA,"New Haven, CT",Yale,5695032,en,TRUE,"News, events and updates from Yale University.",22935,483238,280
6,Massachusetts Institute of Technology (MIT),97.364,USA,"Cambridge, MA",MIT,15460048,en,TRUE,The Massachusetts Institute of Technology is a world leader in research and education. Related accounts: @MITevents,16952,1049946,539
7,ETH Zurich (Swiss Federal Institute of Technology),96.187,Switzerland,,ETH_en,204279080,en,TRUE,"This is the official Twitter account of ETH Zurich in English. Stay tuned for the latest news on research, technology and education. Deutscher Account: @eth",4416,39024,404
8,Columbia University,95.393,USA,"New York, New York",Columbia,248795646,en,TRUE,,25363,341133,602
9,University of Cambridge,95.258,UK,"Cambridge, England",Cambridge_Uni,33474655,en,TRUE,News and events from the University of Cambridge,10653,498454,1312
10,University of Oxford,94.989,UK,"Oxford, UK",UniofOxford,48289662,ca,TRUE,"Official Twitter account for the University of Oxford, one of the world's leading universities.",17080,559562,1197
11,University of Chicago,94.712,USA,"Chicago, Illinois",UChicago,131144285,en,TRUE,"The official Twitter feed of the University of Chicago, run by https://t.co/6AI06ltkyw Accessibility questions? Email social-media@uchicago.edu.",19859,56163,1621
12,Karolinska Institute,94.642,Sweden,"Stockholm, Sweden",karolinskainst,26710622,en,FALSE,News from the Swedish medical university Karolinska Institutet (KI).,3608,21057,158
13,Johns Hopkins University,94.299,USA,"Baltimore, MD",JohnsHopkins,14441010,en,TRUE,America‚Äôs first research university. Leading discovery and sharing knowledge to better the world since 1876.,33227,86067,4975
14,University College London,94.172,UK,London,ucl,322601789,en,TRUE,"Sharing highlights of life at UCL (University College London), London‚Äôs leading multidisciplinary university. Follow @uclnews for news, @uclevents for events.",4006,69373,909
15,Northwestern University,94.117,USA,"Evanston, IL",NorthwesternU,33639255,en,TRUE,"The official Twitter account of Northwestern University, highlighting breakthrough research, leading faculty and the student experience.",14169,61349,1722
16,Princeton University,93.993,USA,"Princeton, NJ",Princeton,5694822,en,TRUE,The official Twitter account of Princeton University. Use #PrincetonU to join the conversation.,35253,374325,1572
17,Ecole Polytechnique Federale de Lausanne,93.75,Switzerland,"Lausanne, Switzerland",EPFL,108364911,fr,TRUE,"Bienvenue sur le compte officiel de l'Ecole polytechnique f√©d√©rale de Lausanne. English speaking account: @EPFL_en. 50 ans de l'EPFL:
https://t.co/Bemm4X5TJS",7606,42003,1097
18,University of Pennsylvania,93.525,USA,"Philadelphia, PA",Penn,24894213,en,TRUE,"Official page for news, events and interesting updates from the University of Pennsylvania. Account managed by University Communications.",32475,149250,1185
19,Cornell University,92.271,USA,"Ithaca, New York",Cornell,17369110,en,TRUE,Learning. Discovery. Engagement. Join the #Cornell conversation.,18417,281695,542
20,Washington University in St. Louis,91.325,USA,"St. Louis, MO",WUSTL,17815224,en,TRUE,Where people matter and serious work is done. Share your experiences with #WashU and look for WUSTL_Official on Instagram and Snapchat.,10784,34352,877
21,Carnegie Mellon University,90.608,USA,"Pittsburgh, PA",CarnegieMellon,17631078,en,TRUE,"United by curiosity and driven by passion, we reach across disciplines, forge new ground and deploy our expertise to make real change that benefits humankind.",11993,55745,1111
22,Scuola Normale Superiore di Pisa,90.345,Italy,Italia,scuolanormale,305449685,it,FALSE,The Scuola Normale Superiore is a centre for teaching and research founded by Napoleon in 1810 as a branch of the √âcole Normale Sup√©rieure in Paris.,9880,9356,420
23,Case Western Reserve University,90.314,USA,"Cleveland, Ohio",cwru,16290017,en,TRUE,Case Western Reserve University. Thinking beyond the possible in 280 characters or less. #CWRU,6901,15103,1009
24,University of Michigan,89.447,USA,"Ann Arbor, MI",UMich,88836132,en,TRUE,"The world needs Victors. This is where they are made. Co„ÄΩÔ∏èe to #Michigan. A world-renowned public institution, fostering excellence for all. #LeadersAndBest",26990,228540,803
25,Boston University,89.443,USA,"Boston, MA",BU_Tweets,104561488,en,TRUE,"The official Twitter feed of Boston University. Join the conversation & follow us to hear about events, announcements & all things #BU!
Email us: social@bu.edu",13362,97532,22184
26,Brown University,89.043,USA,"Providence, Rhode Island",BrownUniversity,14884486,en,TRUE,The official Twitter feed for Brown University. Add your üì∑ with #SceneatBrown,24874,180391,536
27,Technical University of Denmark,88.842,Denmark,Greater Copenhagen,DTUtweet,294010596,da,TRUE,Danmarks Tekniske Universitet // Technical University of Denmark // Official Twitter profile. Press: +45 4525 7878 / press@dtu.dk,6017,12101,2046
28,Seoul National University,88.52,Republic of Korea,"Seoul, Korea",SNUnow,317658876,en,FALSE,The latest news from Seoul National University (SNU) Public Relations Team.,134,3209,144
29,Rice University,88.292,USA,"Houston, Texas",RiceUniversity,19720630,en,TRUE,"At Rice, we believe nothing is impossible. We are in constant pursuit of wisdom and commit ourselves to endless exploration.",21180,35129,1173
30,Royal Institute of Technology (KTH),88.173,Sweden,"Stockholm, Sweden",KTHuniversity,1547563471,sv,FALSE,"KTH is one of Europe‚Äôs leading technical and engineering universities, home to students, researchers and faculty from around the world.",4025,5466,937
31,University of Edinburgh,87.837,UK,"Edinburgh, United Kingdom",EdinburghUni,23426889,en,TRUE,Influencing the world since 1583. Follow our other accounts: https://t.co/SL2oB6Oet1,7742,110737,359
32,"University of California, Los Angeles",87.674,USA,"Los Angeles, CA",UCLA,18918483,en,TRUE,"Renowned for cutting-edge scientific research, arts and athletics, UCLA is a university dedicated to the health and welfare of the world. Visit https://t.co/GvuyVggQjI",12831,187775,188
33,Pohang University of Science and Technology,87.159,Republic of Korea,"POHANG, Republic of Korea",postech2020,108232814,ko,FALSE,Official Twitter of Pohang University of Science and Technology,2685,1217,2140
34,New York University,86.848,USA,New York,nyuniversity,28421825,en,TRUE,The official Twitter account of New York University‚Äîin and of the city; in and of the world. Who's tweeting? https://t.co/jaRtiPTF25,18579,129098,1074
35,Peking University,86.74,China,Beijing,PKU1898,850157859065151488,en,TRUE,Peking University was established in 1898. This account is dedicated to #Peking University‚Äôs global outreach and communications.,1159,161739,125
36,Tufts University,86.468,USA,"Medford, MA",TuftsUniversity,15168790,en,TRUE,Tufts is a student-centered research university committed to helping students and faculty generate bold ideas. Retweets do not imply endorsements.,26604,44211,5392
37,University of Wisconsin - Madison,86.418,USA,"Madison, Wis.",UWMadison,15763818,en,TRUE,The great state University of Wisconsin should ever encourage that continual and fearless sifting and winnowing by which alone the truth can be found.,57422,186013,2782
38,King`s College London,86.399,UK,"London, UK",KingsCollegeLon,22624441,en,TRUE,News from King's College London | King‚Äôs is a multi-faculty research-led institution & one of the top 10 UK universities in the world | Contact: comms@kcl.ac.uk,7963,98564,1453
39,McGill University,86.373,Canada,"Montr√©al, Qu√©bec, Canada",mcgillu,18065266,en,TRUE,"#McGill offers the best education with excellent research and scholarly activities, in service to society. In beautiful #MTL",31487,135596,5225
40,Wageningen University and Research Center,86.116,Netherlands,"Wageningen, The Netherlands",WUR,20045134,nl,TRUE,Provides education and generates knowledge with a focus on healthy food and living environment. To explore the potential of nature to improve the #QualityofLife,13410,31771,818
42,University of Pittsburgh,86.051,USA,"Pittsburgh, PA",PittTweet,68503423,en,TRUE,The official Twitter account of the University of Pittsburgh. #H2P,14556,46773,1834
42,University of Tokyo,86.051,Japan,Tokyo,UTokyo_News_en,305339576,en,TRUE,"Official Twitter account of the University of Tokyo, Japan's leading university and one of the world's top research institutions. Êó•Êú¨Ë™û: @UTokyo_News",2226,7784,11
43,Emory University,85.995,USA,"Atlanta, GA",EmoryUniversity,16438655,en,TRUE,"Official Twitter account for Emory, a private research university of international reach where courageous ideas achieve positive transformation in the world.",9973,48426,684
44,Lund University,85.692,Sweden,"Lund, Sweden",lunduniversity,26267038,en,FALSE,Lund University is the strongest research university in Sweden and ranked among the world‚Äôs top 100 universities.,3422,21568,5432
45,Australian National University,85.664,Australia,Canberra,ANUmedia,41699268,en,FALSE,"Twitter feed of ANU Media Office - news, stories, experts & more. Journalist in need of an expert ASAP? Call our hotline +61 2 6125 7979
CRICOS provider 00120C",16874,17445,1389
46,Tsinghua University,85.557,China,Beijing,Tsinghua_Uni,4300743322,en,TRUE,"Tsinghua University is a research university located in Beijing, China, established in 1911.",2704,202438,331
47,University of Bern,85.365,Switzerland,"Hochschulstrasse 6, 3012 Bern",unibern,60514114,de,FALSE,Offizieller Kanal. News rund um die @unibern. Motto: Wissen schafft Wert. Impressum: http://t.co/mZEk7prynb.,7972,10926,141
48,Korea Advanced Institute of Science and Technology (KAIST),85.287,Republic of Korea,"Daejeon, Republic of Korea",kaistpr,1395992863,en,FALSE,"Welcome to a place to share every bit of KAIST.
Official account feed by Public Relations Office.
Tag your tweets with #KAIST for us to retweet :-)",1010,685,62
49,Vanderbilt University,85.054,USA,"Nashville, Tenn.",VanderbiltU,14775752,en,TRUE,@VanderbiltU is the official Twitter account of Vanderbilt University. 3:1 squirrel-to-student ratio. Get social with us: http://t.co/9mhr7PCK4b,18181,51164,2084
50,University of Lausanne,85,Switzerland,Lausanne,unil,227358393,en,FALSE,UNIL | Profil officiel de l'Universit√© de Lausanne. Le savoir vivant. 15600 √©tudiants. Partenaire institutionnel de #Lausanne2020 #YouthOlympics,6796,18348,4548
51,University of Twente,84.63,Netherlands,"Enschede, Nederland",UTwente,18991614,en,TRUE,"ü§ñ High Tech Human Touch | üèÜ 10 Topopleidingen | üá¨üáß @utwenteEN | üíº @utwentejobs | üë• Anne, Diana, Jamila, Jessica, Jochem, Laurens & Wiebe",15387,44100,1965
52,"University of California, Berkeley",84.502,USA,"Berkeley, California",UCBerkeley,176932593,en,TRUE,"Official account of the University of California, Berkeley. ‚ÄúBk‚Äù stands for Berkelium, one of the 16 elements discovered here.",17910,178869,387
53,Chalmers University of Technology,84.156,Sweden,"Gothenburg, Sweden",chalmersuniv,2492619936,en,FALSE,"Science news in English from Chalmers University of Technology in Gothenburg, Sweden. News in Swedish at @chalmersnyheter",409,1930,74
54,University of Minnesota,84.15,USA,Minneapolis,UMNews,18917572,en,TRUE,The official Twitter account of the University of Minnesota. We're #UMNdriven & #UMNproud!,13183,105461,4759
55,Ludwig Maximilian University of Munich,84.048,Germany,,LMU_Muenchen,91982547,en,TRUE,Offizieller Account der Ludwig-Maximilians-Universit√§t (LMU) M√ºnchen #lmum√ºnchen #universityofmunich Impressum: https://t.co/MGqvDive9k,394,20663,66
56,University of Washington,83.76,USA,Seattle,UW,27103822,en,TRUE,"University of Washington students, faculty and staff believe in boundless opportunities. Do you dare to Be Boundless? At the UW, you can.",15766,160716,1999
57,University of Helsinki,83.736,Finland,"Helsinki, Finland",helsinkiuni,168607383,fi,TRUE,"University of Helsinki - Helsingin yliopisto is Finland‚Äôs largest, oldest and internationally most esteemed research university. #HelsinkiUni #WeAreHelsinkiUni",10086,36358,2030
58,University of Zurich,83.631,Switzerland,Z√ºrich,UZH_ch,384753474,de,FALSE,Universit√§t Z√ºrich / University of Zurich. News rund um die Universit√§t Z√ºrich. Tweets in English: @UZH_en,3551,15096,383
59,University of Toronto,83.556,Canada,"Toronto, Ontario, Canada",UofT,821814254,en,TRUE,"Connect with #UofT, Canada's top university and one of the world‚Äôs strongest academic & research powerhouses. Find the latest news & events @UofTNews.",13759,66690,1223
60,Nanyang Technological University,83.252,Singapore,Singapore,NTUsg,217313010,en,FALSE,"Official Twitter feed for Nanyang Technological University, Singapore. Follow us for announcements, campus news and event updates.",3952,16724,247
61,University of Southampton,83.011,UK,"University Road, Southampton",unisouthampton,26203004,en,TRUE,"Latest news, research and events from the University of Southampton. Founding member of the Russell Group and ranked among the top 100 universities worldwide.",16979,53816,1738
62,University of Manchester,82.985,UK,Manchester,OfficialUoM,2217874898,en,TRUE,"A university with a reputation for learning and innovation that resonates globally. Online 9am-5pm Monday to Friday.

#HelloUoM",16728,61158,534
63,University of British Columbia,82.932,Canada,Vancouver | Okanagan | Canada,UBC,28453440,en,TRUE,"#UBC is a global centre for research and teaching, ranked among the top 20 public universities in the world. The potential is yours.",25556,56529,4410
64,National University of Singapore,82.807,Singapore,Singapore,NUSingapore,67260538,en,TRUE,"The National University of Singapore is Asia‚Äôs leading university with a global approach in education, research and service. (RT, links and likes ‚â† endorsement)",3982,32430,96
65,"University of California, San Diego",82.757,USA,"La Jolla, CA",UCSanDiego,338660808,en,TRUE,The official Twitter account for the University of California San Diego. Our most cherished tradition is challenging tradition.,17723,36663,4346
66,Pierre and Marie Curie University (Sorbonne University),82.696,France,"Parigi, Francia",Sorbonne_Univ_,940938863790428160,fr,FALSE,Compte officiel de Sorbonne Universit√©. Une universit√© pluridisciplinaire de recherche intensive en #lettres #medecine #sciences et #ingenierie,2645,7115,471
67,Technical University of Munich,82.65,Germany,"Monaco di Baviera, Baviera",TU_Muenchen,49567644,und,FALSE,"Tweets from the TUM web communications team. 
https://t.co/2UtX6LkR4u | 
https://t.co/jnLqFukIVY | 
https://t.co/H68y9VfhuL
| Imprint: https://t.co/UVKLxs6JDU",2852,28412,365
68,"University of California, Davis",82.631,USA,"Davis, CA",ucdavis,15987188,en,TRUE,"#UCDavis is the home of the Aggies - the go-getters, change makers & problem solvers who are making an impact on the world. #GoAgs!",26968,50536,1061
69,University of North Carolina,82.383,USA,"Chapel Hill, NC",UNC,20683724,en,TRUE,America‚Äôs first public university. One of the world's leading research universities. See how we've served N.C. and beyond for more than two centuries at #UNC225,31816,125043,1675
70,Ruprecht Karl University of Heidelberg,82.378,Germany,Heidelberg,UniHeidelberg,145182442,de,FALSE,"Die 1386 gegr√ºndete Ruperto Carola ist die √§lteste Universit√§t Deutschlands und eine der forschungsst√§rksten in Europa.

Impressum: http://t.co/iEyqDImXAl",4240,16623,63
71,University of Sydney,82.279,Australia,Sydney,Sydney_Uni,20104025,en,TRUE,Students & researchers from all over the world unveiling new insights that change the world around us. RTs‚â†endorsements. CRICOS#: 00026A,26570,72579,206
72,University of Geneva,82.265,Switzerland,Geneva,UNIGEnews,157980214,fr,FALSE,"Se distingue par un enseignement de qualit√© et une recherche de pointe. English speaking account: @unige_en 
#unige",13579,27147,1145
73,University of Rochester,82.221,USA,"Rochester, NY",UofR,14778782,en,TRUE,"Official Twitter account for the University of Rochester, offering updates, news, support. Meliora: Ever Better.",17356,47206,4310
74,Shanghai Jiao Tong University,82.177,China,Shanghai,sjtu1896,1112610624930902018,en,FALSE,"Official page for news, stories and interesting updates from SJTU. FB page : https://t.co/pxN45nka8X Instagram : https://t.co/7EnuyB7UXX",147,335,30
75,Tokyo Institute of Technology,82.082,Japan,"Ookayama, Meguro-ku, Tokyo",tokyotech_en,440574690,en,FALSE,This is the official account of Tokyo Institute of Technology (Tokyo Tech).,2218,3086,1
76,Zhejiang University,82.035,China,,ZJU_China,851622726217342977,en,FALSE,https://t.co/PMjgZzqguS,391,1402,198
77,University of Southern California,81.955,USA,"Los Angeles, CA",USC,19809471,en,TRUE,The official Twitter account of the University of Southern California. #USC | #FightOn! Instagram: USCedu,27107,150905,3270
78,University of Bristol,81.943,UK,"Bristol, England",BristolUni,24723695,en,FALSE,Top 10 UK Uni üìö Leading research üî¨ World-class teaching üë©‚Äçüéì Vibrant city üôå,14560,82120,567
79,Fudan University,81.689,China,"shanghai, China",FudanUniversity,286768601,en,FALSE,,53,2132,69
80,Kyoto University,81.609,Japan,"Kyoto, Japan",KyotoU_News,2800929805,en,FALSE,Kyoto University‚Äôs official English Twitter account. The following conditions apply. https://t.co/G071tS788a,1284,6363,152
81,University of Alabama Birmingham,81.481,USA,"Birmingham, AL",UABNews,16327689,en,TRUE,Updates from Birmingham's world-renowned research university and health care center: The University of Alabama at Birmingham. Go Blazers! üê≤ #UAB50,23265,24042,1877
82,University of Illinois at Chicago,81.453,USA,"Chicago, IL",thisisUIC,194314756,en,FALSE,A major research university in the heart of one of the world's great cities.,8530,6472,280
83,Georgetown University,81.444,USA,"Washington, D.C.",Georgetown,7856542,en,TRUE,"#Georgetown is a major international, student-centered research institution in Washington DC and the country‚Äôs oldest #Catholic, #Jesuit university. Go #Hoyas!",8828,66485,2442
84,Indian Institute of Science,81.393,India,"Bangalore, ‡§≠‡§æ‡§∞‡§§",iiscbangalore,2773756070,en,TRUE,The official Twitter account of the Indian Institute of Science (IISc),468,47269,45
85,Dartmouth College,81.289,USA,"Hanover, NH",dartmouth,21226678,en,TRUE,The official Twitter account of Dartmouth College! #Dartmouth | #GoBigGreen,19458,74643,2715
86,University of Science and Technology of China,81.222,China,Êú¨ÈÉ®ÂÆâÂæΩÂêàËÇ•ÔºåÊ†°ÂèãÈÅçÂ∏ÉÂÖ®ÁêÉÔºÅ,ustc,46843998,zh,FALSE,‰∏≠ÂõΩÁßëÂ≠¶ÊäÄÊúØÂ§ßÂ≠¶,1289,1486,1
87,Erasmus University Rotterdam,80.873,Netherlands,Rotterdam,erasmusuni,52693210,nl,TRUE,Make it happen.,8906,48830,412
88,University of Melbourne,80.78,Australia,"Melbourne, Australia",unimelb,14862794,en,TRUE,"Come as you are, leave as you want to be. 

CRICOS code: 00116K",32877,98257,1384
89,Georgia Institute of Technology,80.388,USA,"Atlanta, GA",GeorgiaTech,19080617,en,TRUE,The official Twitter account for the Georgia Institute of Technology.,13102,174324,4151
90,London School of Economics and Political Science,80.368,UK,London,LSEnews,155924984,en,TRUE,The official Twitter account of the London School of Economics and Political Science (LSE). What makes you feel #partofLSE? Explore events @LSEpublicevents,18026,91900,1269
91,University of Birmingham,80.332,UK,"Birmingham, UK",unibirmingham,17865542,en,TRUE,Official account for the University of Birmingham. A leading global university that makes important things happen. Tweet and Instagram us with #hellobrum,38569,116758,1093
92,George Washington University,80.317,USA,"Washington, D.C.",GWtweets,28101965,en,TRUE,"The official Twitter account for the George Washington University, a university actively engaging Washington and the world.",9612,54540,1773
93,Rutgers the State University of New Jersey,80.311,USA,New Jersey,RutgersU,19272796,en,TRUE,"Rutgers, The State University of New Jersey, is a leading public research university. Follow us for all things Rutgers.",16640,133393,607
94,Ohio State University,80.263,USA,"Columbus, Ohio",OhioState,18846918,en,TRUE,"The Ohio State University, the highest ranked public university in Ohio, is home to world-class faculty, passionate students & innovative researchers. ‚≠ïüôå",22181,335203,687
95,University of Gottingen,80.149,Germany,"G√∂ttingen, Germany",uniGoettingen,50638548,de,FALSE,"Offizieller Twitteraccount der Uni G√∂ttingen. ‚Ä¢ Twitter account of University of G√∂ttingen.
‚Ä¢ https://t.co/8JWnsSd3UG
‚Ä¢ https://t.co/W4K5EymOuj",3448,11842,299
96,Swedish University of Agricultural Sciences,80.134,Sweden,"Uppsala, Ume√•, Skara, Alnarp",_SLU,128211584,sv,FALSE,SLU ‚àí Sveriges lantbruksuniversitet. Welcome to SLU ‚àí Swedish University of Agricultural Sciences. H√§r twittrar komm.avd. nyheter & evenemang.,3266,6683,271
97,"Ecole Normale Superieure, Lyon",79.992,France,Lyon - France,ENSdeLyon,2549384167,fr,FALSE,Compte officiel de l'√âcole normale sup√©rieure de Lyon,13358,6017,932
98,Radboud University Nijmegen,79.739,Netherlands,"Nijmegen, Netherlands",Radboud_Uni,45826046,nl,FALSE,We want to contribute to a free and healthy world with equal opportunities for all | Best general university of NL | https://t.co/PidgYoffpI,12155,26469,5474
99,Tohoku University,79.661,Japan,"Sendai, Japan",TohokuUniPR,2540701770,en,FALSE,"Tohoku University‚Äôs official English Twitter account. 
Official Japanese account is @tohoku_univ.",1021,2960,70
100,Utrecht University,79.582,Netherlands,"Utrecht, The Netherlands",UtrechtUni,33550981,en,FALSE,Utrecht University (The Netherlands) is a large and multifaceted international knowledge centre of academic and scientific excellence. (tweets: press officers),1557,6390,135
101,University of Florida,79.524,USA,"Gainesville, Florida",UF,44168607,en,TRUE,University of Florida ‚Äî the flagship university of the great state of Florida. https://t.co/nT3azRQpme | https://t.co/Q9yzpdtFrd | https://t.co/iSmn3kUnhX,51000,195628,580
102,University of Bergen,79.35,Norway,Bergen,UiB,17867748,no,FALSE,"Official Twitter account of the University of Bergen, Norway // Edited by the Communication Division",10151,22619,5203
103,University of Miami,79.337,USA,"Coral Gables, Florida",univmiami,15585350,en,TRUE,"A vibrant, talented university community established in 1925. üì∑Instagram: univmiami #umiami",8506,90774,464
104,Purdue University,79.095,USA,"West Lafayette, Ind.",LifeAtPurdue,16134525,en,TRUE,"The official Twitter account of Purdue University, home of the Boilermakers! Disclaimer: https://t.co/2rfNrrgZkd",29548,100979,13675
105,University of Queensland Australia,79.084,Australia,Brisbane,UQ_News,17383073,en,TRUE,"News, events, discoveries and student life at The University of Queensland. Monitored by #UQ media during business hours.
CRICOS Code 00025B",46015,82029,2198
106,University of Notre Dame,79.059,USA,"Notre Dame, IN",NotreDame,6507762,en,TRUE,"Official Twitter feed for the University of Notre Dame. A force for good since 1842. For alumni news, visit @NDAlumni. For athletics, visit @FightingIrish.",16277,162896,285
107,Osaka University,79.011,Japan,"Suita, Osaka, Japan",osaka_univ_e,442479642,en,FALSE,"Osaka University's official English language Twitter account. View tweets about news and events. P.S. Normally we won‚Äôt tweet replies to questions, etc ;-)",4134,6698,2
108,"National Graduate School of Engineering, Paris",78.997,France,Paris,MINES_ParisTech,68965556,fr,TRUE,Compte officiel de MINES ParisTech-PSL composante de @psl_univ,11818,16628,669
109,University of Warwick,78.632,UK,United Kingdom,warwickuni,15916215,en,TRUE,The university's official Twitter page full of campus info & news. For amazing images & videos - Instagram & YouTube. For staff news & events @warwickinsite,30292,79506,2396
110,Medical University of Vienna,78.561,Austria,"Wien, √ñsterreich",MedUni_Wien,320702172,de,FALSE,Die MedUni Wien ist mit 8.000 Studierenden und 5.500 MitarbeiterInnen die gr√∂√üte Medical School im deutschprachigen Raum,1962,3556,172
111,Michigan State University,78.461,USA,"East Lansing, MI USA",michiganstateu,41346792,en,TRUE,The official Twitter account for Michigan State University. #SpartansWill,14279,242533,185
112,University of Sao Paulo,78.389,Brazil,S√£o Paulo - SP - Brasil,usponline,24241923,pt,TRUE,USP - Universidade de S√£o Paulo,40161,190317,98
113,Universite de Montreal,78.315,Canada,"Montr√©al, Qc",UMontreal,135178777,fr,FALSE,Compte officiel de l'Universit√© de Montr√©al. #umontreal,18345,34201,3824
114,University of New South Wales,78.178,Australia,"Sydney, Australia",UNSW,14769030,en,TRUE,"The official UNSW Twitter account, sharing news and events from #UNSW, straight from the Lion's mouth.

CRICOS Provider no. 00098G",9420,50311,1340
115,Lomonosov Moscow State University,78.053,Russia,"Mosca, Russia",MSU_1755,121531148,ru,TRUE,–û—Ñ–∏—Ü–∏–∞–ª—å–Ω–∞—è —Å—Ç—Ä–∞–Ω–∏—Ü–∞ –ú–æ—Å–∫–æ–≤—Å–∫–æ–≥–æ –≥–æ—Å—É–¥–∞—Ä—Å—Ç–≤–µ–Ω–Ω–æ–≥–æ —É–Ω–∏–≤–µ—Ä—Å–∏—Ç–µ—Ç–∞ (–ú–ì–£) –∏–º–µ–Ω–∏ –ú.–í.–õ–æ–º–æ–Ω–æ—Å–æ–≤–∞,5001,3288,53
116,Chinese University Hong Kong,77.994,Hong Kong,"Sha Tin District, Hong Kong",CUHKofficial,928098400980975616,en,TRUE,The official twitter account for The Chinese University of Hong Kong - CUHK FB@CUHKofficial IG@thechineseuniversityofhongkong YouTube@CUHKchannel,186,3562,528
117,Hebrew University of Jerusalem,77.946,Israel,Jerusalem,HebrewU,54480908,en,TRUE,"Israel's leading academic and research institution, serving 23,500 students from 85 countries.",4409,17671,2291
118,"University of Maryland, College Park",77.807,USA,"College Park, MD",UofMaryland,16129880,en,TRUE,"3 Nobel laureates, 3 Pulitzer recipients, scores of Fulbright scholars, one cute turtle and a bike ride away from our nation's capital! RTs ‚â† endorsements.",12350,96445,1330
119,University of St. Andrews,77.803,UK,St Andrews,univofstandrews,19910826,en,TRUE,"University of St Andrews - Scotland's first university. 

UK University of the Year 2020 (Times and Sunday Times Good University Guide 2020) #noplacelikefoam",8436,45817,2119
120,Aarhus University,77.767,Denmark,"Aarhus, Denmark",AarhusUni,224283051,da,TRUE,"Official Aarhus University Twitter. Connects knowledge fans, students and staff. #AarhusUni researchers here https://t.co/c0CHkiCscj",7465,15574,1372
121,University of Groningen,77.655,Netherlands,"Broerstraat 5, Groningen, NL",univgroningen,33535466,nl,FALSE,Official Twitter of the University of Groningen (Rijksuniversiteit Groningen) in the Netherlands. Open academic community since 1614. Tweets ENG&NL. ‚ù§Ô∏è‚â†support,21763,54111,1781
122,Free University of Berlin,77.412,Germany,Berlin,FU_Berlin,2152668890,de,TRUE,Offizieller Twitter-Account der Freien Universit√§t Berlin. Tweets aus der Zentralen Online-Redaktion. Impressum: https://t.co/ix7etID84a,8044,17039,727
123,University of Liverpool,77.341,UK,"Liverpool, UK",LivUni,18903739,en,FALSE,One of the UK‚Äôs leading research institutions and a centre of world-class teaching and learning. Tweeting weekdays 9am-5pm. #LivOriginal,23085,61998,796
124,Nanjing University,77.301,China,NA,NA,NA,NA,NA,NA,NA,NA,NA
125,RWTH Aachen University,77.27,Germany,"Aachen, Germany",RWTH,928008620,de,TRUE,Das offizielle Twitter-Profil der RWTH Aachen University. Impressum: https://t.co/UZFYkA8Q8d,10065,15049,369
126,McMaster University,77.197,Canada,"Hamilton, ON",McMasterU,57709461,en,TRUE,News and updates from McMaster University.,13041,63914,325
127,University of Calgary,76.913,Canada,"Calgary, Canada",UCalgary,16809022,en,TRUE,Official Twitter account of the University of Calgary. #UCalgary #UCalgaryLife #exploreUCalgary,19342,55610,743
128,University of Utah,76.614,USA,"Salt Lake City, Utah",UUtah,14748679,en,TRUE,"Nestled between the foothills of the Wasatch Mountains & Salt Lake City, the University of Utah excels at research, innovation & student success.",31696,113109,2341
129,Monash University,76.6,Australia,"Melbourne, Australia",MonashUni,15926727,en,TRUE,"Official Twitter of Monash University. 
CRICOS number 00008C",13071,71398,1420
130,National Taiwan University,76.55,Taiwan,NA,NA,NA,NA,NA,NA,NA,NA,NA
131,City University of Hong Kong,76.451,Hong Kong,Hong Kong,CityUHongKong,81070376,en,FALSE,,1014,3089,22
132,Durham University,76.447,UK,Regno Unito,durham_uni,277391629,en,TRUE,"A leading UK university. We offer the inspiration, you achieve the outstanding. Account monitored Mon - Fri, 9am - 5pm GMT #DUinspire",7448,46920,2301
133,Tulane University,76.373,USA,"New Orleans, LA",Tulane,28120277,en,FALSE,The official Twitter account for Tulane University üåä Join the conversation: #Tulane | #RollWave,13988,29167,498
134,Autonomous University of Barcelona,76.296,Spain,Bellaterra. Barcelona,UABBarcelona,304338078,ca,TRUE,Twitter oficial de la Universitat Aut√≤noma de Barcelona,24781,46511,293
135,Karlsruhe Institute of Technology,76.295,Germany,Karlsruhe/Germany,KITKarlsruhe,91110697,de,TRUE,Offizieller Account des Karlsruher Instituts f√ºr Technologie (KIT). Impressum: https://t.co/gPra9nXpgC. Datenschutz: https://t.co/Wz8PLcuTNJ,7315,25595,1076
136,University of Iowa,76.175,USA,"Iowa City, IA",uiowa,14534931,en,TRUE,"Official University of Iowa account. With more than 200 areas of study, the University of Iowa enrolls 30,000+ students and offers many top-ranked programs.",18330,114774,696
137,Nagoya University,76.166,Japan,,NagoyaUniv,83761255,en,FALSE,,105,271,0
138,University of Western Australia,76.08,Australia,"Perth, Western Australia",uwanews,22742520,en,TRUE,The University of Western Australia - a World Top 100 University. Find an expert: https://t.co/LdCvAhH4mz Tag: #UWA,11708,18653,2753
140,Technische Universitat Dresden (TU Dresden),76.004,Germany,Dresden,tudresden_de,146074105,de,FALSE,"Technische Universit√§t Dresden
Impressum: http://t.co/YYSf2zq4",9370,11855,218
140,University of Nova Gorica,76.004,Slovenia,NA,NA,NA,NA,NA,NA,NA,NA,NA
141,Trinity College Dublin,75.989,Ireland,"Dublin, Ireland",tcddublin,31537951,en,TRUE,Official source of news from Trinity College Dublin. We are Ireland's highest-ranked university with a 425-year history of teaching and research.,23015,60476,5094
142,University of Adelaide,75.846,Australia,"Adelaide, South Australia",UniofAdelaide,22573758,en,TRUE,Make more of every moment by studying at SA's leading university: https://t.co/j0P1qLHqOy CRICOS: 00123M,31500,50329,3956
143,University of Hamburg,75.79,Germany,Hamburg,unihh,66370363,de,TRUE,Hier twittert die Online-Redaktion der Abteilung √ñffentlichkeitsarbeit der Universit√§t Hamburg. // Impressum: https://t.co/0kvITcZ78C,7564,18840,298
144,Kyushu University,75.745,Japan,"Nishi-ku, Fukuoka, Japan",KyushuUniv_EN,3215762043,en,FALSE,This is the Official account of Kyushu University.,228,490,1
145,Technical University of Berlin,75.483,Germany,Berlin,TUBerlin,63449466,en,TRUE,We've got the brains for the future. Research for the benefit of society. Official Twitter account of #TUBerlin. Site Notice: https://t.co/HBircOrdJN.,4992,13763,802
146,University of Cape Town,75.453,South Africa,"Cape Town, South Africa",UCT_news,562781948,en,TRUE,The official Twitter feed of the University of Cape Town. Connect with us on Facebook:  https://t.co/gsjihUjywb,16202,202854,1408
147,Hokkaido University,75.351,Japan,"Hokkaido, Japan",HokkaidoUni,481839331,en,FALSE,Welcome to Hokkaido University's official English Twitter account. See our social media guidelines on our website. #hokkaidouniversity,3374,6162,272
148,University of Glasgow,75.328,UK,Scotland,UofGlasgow,19760151,en,TRUE,Changing the world üåç since 1451. @UofGEvents for events and @UofGNews for media. #TeamUofGüíò #WorldChangingGlasgow,19806,98993,1845
149,Rockefeller University,75.246,USA,New York NY,RockefellerUniv,27024872,en,FALSE,"The Rockefeller University is a world-renowned center for research and graduate education in the biomedical sciences, chemistry, bioinformatics and physics.",6317,10877,1080
150,Lancaster University,75.159,UK,"Lancaster, England",LancasterUni,25521930,en,TRUE,Top 10 in the Guardian | Top 10 in the Times | Top 10 in the Complete University Guide. We're a collegiate university with a global reputation.,23652,59105,1151
151,Katholieke Universiteit Leuven (KU Leuven),75.153,Belgium,"Leuven, Belgium",LeuvenU,281043412,en,TRUE,"News from Europe's most innovative university, updated by the Newsroom | #kuleuven | Email your news tips: news@kuleuven.be | For Dutch: @KU_Leuven",2728,15422,2676
152,"State University of New York, Stony Brook",74.975,USA,"Stony Brook, NY",stonybrooku,50762782,en,FALSE,"In just six decades, Stony Brook University has established itself as one of America's most dynamic public universities.",34733,33442,2257
153,Humboldt University of Berlin,74.963,Germany,"Berlin, Germany",HumboldtUni,108566175,de,TRUE,Offizieller Twitter-Account der Humboldt-Universit√§t zu Berlin. Tweets des Online-Teams der HU #humboldtuni Impressum: https://t.co/ZfduTNZZqf,3146,21888,216
154,University Paris Diderot - Paris 7,74.955,France,Paris,ParisDiderot,51400447,fr,TRUE,Compte officiel. √âtablissement pluridisciplinaire et membre fondateur d'Universit√© de Paris. Suivez-vous sur @Univ_Paris,10510,18991,688
155,University of Cologne,74.928,Germany,K√∂ln,UniCologne,21084942,de,FALSE,#UniK√∂ln: Universit√§t mit internationalem Flair // Cologne: University with International Appeal,4848,40104,1268
156,University of Malaya,74.869,Malaysia,Malaysia,unimalaya,821364216,en,FALSE,"See also: https://t.co/ftigzWqWtC
https://t.co/pVehGM6l3O",7998,16352,297
157,National Research Nuclear University MEPhI (Moscow Engineering Physics Institute),74.845,Russia,"Mosca, Russia",UMephi,1046683139718991872,en,FALSE,Official account of the National Research Nuclear University MEPhI #MEPHI,362,132,115
158,Colorado School of Mines,74.788,USA,"Golden, CO",coschoolofmines,28147271,en,TRUE,"Official account of Colorado School of Mines, a public research university preparing students to solve energy & environmental challenges #helluvaengineer",13224,14316,1087
159,University of Colorado,74.772,USA,COLORADO,CUSystem,22158430,en,FALSE,"Colorado's premier university system. Four campuses -- Boulder, Colorado Springs, Denver and the CU Anschutz Medical Campus -- united in making a difference.",6846,12486,1293
160,University of Kansas,74.589,USA,Lawrence‚ù§Ô∏èKansas,UnivOfKansas,31947242,en,TRUE,13 schools. Five campuses. One chant. #RockChalk,31698,81503,471
161,University of Munster,74.588,Germany,M√ºnster,WWU_Muenster,24677217,de,FALSE,"Online-Redaktion der Uni M√ºnster bei Twitter: Johannes Str√§√üer, Peter Wichmann; Impressum: https://t.co/WDWjfiwrPf
Datenschutzhinweis: https://t.co/EYQHt2X81l",9264,14913,1694
162,University of Sheffield,74.492,UK,"Sheffield, UK",sheffielduni,19341622,en,TRUE,Top 5 UK university for best student experience and top UK students' union for 10 consecutive years - THE Student Experience Survey,21227,120351,4831
163,University of Barcelona,74.483,Spain,Barcelona,UniBarcelona,188725330,ca,TRUE,La #UniBarcelona √©s la universitat p√∫blica principal i amb m√©s estudiants de Catalunya. #SocUB,23627,55468,1309
164,Sungkyunkwan University,74.43,Republic of Korea,"seoul, korea",SKKU_1398,130433022,ko,FALSE,ÏïàÎÖïÌïòÏÑ∏Ïöî ÏÑ±Í∑†Í¥ÄÎåÄÌïôÍµê ÎåÄÌëú Ìä∏ÏúÑÌÑ∞ÏûÖÎãàÎã§.,240,918,510
165,University of Arizona,74.35,USA,"Tucson, Arizona",uarizona,14862639,en,TRUE,"Whether we are touching an asteroid or determining how we feed 9 billion people, Arizona Wildcats ask bigger questions to get better answers. #BearDown",28817,162891,752
166,Cardiff University,74.158,UK,"Cardiff, UK",cardiffuni,12134862,en,TRUE,Top 5 research quality ‚Ä¢ Russell Group ‚Ä¢ #WeAreInternational ‚Ä¢ Set in a thriving capital ‚Ä¢ Cymraeg: @prifysgolCdydd,17981,78302,738
167,University of Leicester,74.092,UK,University of Leicester,uniofleicester,81089247,en,TRUE,The official account for the University of Leicester. #LaunchYourself,16275,53060,3624
168,Technion Israel Institute of Technology,73.921,Israel,"Haifa, Israel",TechnionLive,224964544,iw,FALSE,"Technion~ Israel Institute of Technology. Over 100 years of commitment to science, technology, innovation & education.",13300,48338,37951
169,University of Illinois at Urbana - Champaign,73.901,USA,"Urbana, IL",Illinois_Alma,18165866,en,TRUE,All the latest from the University of Illinois at Urbana-Champaign.,39469,80211,8114
170,"University of California, Irvine",73.804,USA,"Irvine, Calif.",UCIrvine,19669207,en,TRUE,"The official Twitter account for the University of California, Irvine. üêúüç¥üíôüíõ #UCIPride",11120,64529,526
171,Korea University,73.527,Republic of Korea,Seoul,UniversityKorea,1186487858,en,FALSE,"This is not official account of KU.
I'm a graduate of KoreaUniversity. 
I'll follow all alumni and professors of KU.
so you can use it to find your alumni",54,868,417
172,"University of California, Santa Barbara",73.499,USA,"Santa Barbara, CA",ucsantabarbara,18105473,en,TRUE,"News, achievements, and discoveries from UC Santa Barbara, a dynamic environment where beauty meets brilliance. #UCSB",7005,43620,7058
173,Northeastern University,73.344,USA,"Boston, MA",Northeastern,46477409,en,TRUE,"Northeastern is a global, experiential, research university built on a tradition of engagement with the world. #NUexperience",25059,42348,883
174,Indiana University,73.32,USA,Indiana,IndianaUniv,100367386,en,TRUE,"Established in 1820, Indiana University has 7 campuses: @IUBloomington, @IUEast, @IUKokomo, @IUNorthwest, @IUPUI, @IUSouthBend, and @IUSoutheast.",18826,76202,458
175,Hanyang University,73.241,Republic of Korea,ÏÑúÏö∏/ÏïàÏÇ∞,i_hanyang,51478517,ko,FALSE,ÌïúÏñëÎåÄ Ïù∏ÌÑ∞ÎÑ∑ÌïúÏñë Îâ¥Ïä§ÌåÄ,16525,3676,2860
176,Pennsylvania State University,73.195,USA,"University Park, PA",penn_state,119376050,en,TRUE,"We are one community, impacting many. We Are Penn State. Welcome to #PennState's official Twitter account. Share your photos with us using #MyPennState.",34146,210181,1024
177,Tokyo Medical and Dental University,73.182,Japan,Japan,TMDUniversity,1152088361969963009,en,FALSE,"Cultivating Professionals withKnowledge and Humanity, thereby Contributing to People‚Äôs Well-being",30,53,38
178,Tomsk State University,73.129,Russia,"36 Lenin Ave.,Tomsk, Russia",TomskUni,2408564130,en,FALSE,The official page of Tomsk State University,1076,583,55
179,Yonsei University,73.067,Republic of Korea,"Seoul, Republic of Korea",yonsei_u,173679304,en,FALSE,"Being the oldest private university in Korea, Yonsei University was first established in 1885 by Christian missionaries in the spirit of ‚Äútruth and freedom.‚Äù",3,1506,13
180,Texas A&M University,72.951,USA,"College Station, TX",TAMU,17237540,en,TRUE,The official Twitter account for Texas A&M University! #tamu #12thMan #BeFearless,24638,275574,1952
181,Weizmann Institute of Science,72.817,Israel,Israel,WeizmannScience,39958512,en,FALSE,One of the world's top-ranking multidisciplinary research institutions. Noted for its wide-ranging exploration of the natural and exact sciences,899,8562,210
182,University of Wurzburg,72.814,Germany,W√ºrzburg,Uni_WUE,593618061,de,FALSE,1402 erstmals gegr√ºndet. 1582 erneut. Seitdem dauerhaft am Leben! Impressum: https://t.co/PDFwpZsQVL,7129,4608,566
183,State University of Campinas (Unicamp),72.702,Brazil,"Campinas, Brasil",unicampoficial,788430113859854336,pt,FALSE,Perfil oficial da Universidade Estadual de Campinas.,2397,6651,15
184,University of Erlangen Nuremberg,72.608,Germany,Nuremberg Metropolitan Region,FAU_Germany,2993995444,en,FALSE,"The official English language account of Friedrich-Alexander University Erlangen-N√ºrnberg (FAU) @UniFAU in Bavaria, Germany https://t.co/ktJyeJD6DY",3279,2306,921
185,University of York,72.505,UK,"York, UK",UniOfYork,27035508,en,TRUE,We're a leading UK university and part of the @russellgroup. Follow us for our latest news and views. We're available Mon-Fri 9am-5pm to answer your qus!,18498,70682,626
186,University of Ottawa,72.435,Canada,"Ottawa, Ontario, Canada",uOttawa,352311644,fr,TRUE,L‚ÄôUniversit√© d'Ottawa | University of Ottawa | üí≠ @uottawafuture  | üéí @uocampus  | üéì @uottawaalumni |  üê¥ @uottawageegees | üì∏ #uOttawa,18742,29059,354
187,Tel Aviv University,72.407,Israel,"Tel Aviv, Israel",TelAvivUni,790846916192002048,en,TRUE,"Be Part of the Next Big Idea. World's 8·µó ∞ in graduate billion $ #Startups, 48·µó ∞ in patents granted, top 100 in #Innovation, Pursuing the Unknown  üìö üî¨  ‚öï üî≠ üéº  üíª",1874,4593,1695
188,University of Tsukuba,72.365,Japan,"Tsukuba, Japan",UofTsukuba,2777744022,en,FALSE,"With over 130 years of history, the University of Tsukuba has a long and proud history as one of Japan's premier educational institutions.",36,391,0
189,University of Gothenburg,72.28,Sweden,"Gothenburg, Sweden",uniofgothenburg,35720969,en,FALSE,"We are merging our two twitter accounts. Please unfollow 
@uniofgothenburg and follow @goteborgsuni where we from now on will tweet in both English and Swedish.",1760,7491,1
190,Aalto University,72.261,Finland,Finland,AaltoUniversity,90345811,en,FALSE,"Aalto University (Aalto-yliopisto) is a multidisciplinary university, where science and art meet technology and business.#aalto #aaltoyliopisto #aaltouniversity",7877,38074,1102
191,University of Reading,72.079,UK,"Reading, England",UniofReading,59142515,en,TRUE,"Campus life, study, and futuristic ducks from the year 2020 at the University of Reading. For research news and comment follow @UniRdg_News",16191,52419,852
192,University of Exeter,71.939,UK,"Exeter, Devon, UK",UniofExeter,60642183,en,TRUE,"Exeter is a leading UK university and member of the Russell Group, which combines world leading research with high levels of student satisfaction.",21686,66845,896
193,University of East Anglia,71.866,UK,"Norwich, Norfolk, UK",uniofeastanglia,26758197,en,TRUE,Official feed for the University of East Anglia. The University is closed from 24 Dec to 1 Jan 2020. Experience UEA at our mini #UEAOpenDay on Mon 6 Jan ‚ú®,29529,59577,2198
194,"State University of New York, Buffalo",71.864,USA,"Buffalo, NY",UBuffalo,2326061460,en,TRUE,University at Buffalo | At #UBuffalo we lead the charge! Here is how our extraordinary people and research change the world. Put your #UBhornsUP!,12213,12103,216
195,University of Ulm,71.841,Germany,"Ulm, Germany",uni_ulm,48372117,de,FALSE,Die Uni Ulm ist medizinisch-naturwissenschaftlich ausgerichtet und das ‚ù§Ô∏è der Wissenschaftsstadt. #uulm https://t.co/H7a1csKLu6 Datenschutz: https://t.co/vW0oNrTMqU,706,1677,382
196,Gwangju Institute of Science and Technology,71.786,Republic of Korea,NA,NA,NA,NA,NA,NA,NA,NA,NA
197,Western University,71.739,Canada,"London, Ontario, Canada",WesternU,20601500,en,TRUE,"Since 1878, Western has delivered an academic experience second to none. Western challenges the best and brightest to commit to the highest global standards.",46401,77672,12232
198,University of Freiburg,71.275,Germany,Freiburg,UniFreiburg,148286775,de,FALSE,"Hier twittert die Albert-Ludwigs-Universit√§t Freiburg. 
Impressum: https://t.co/EiWp5ZiNif
Datenschutz: https://t.co/0MOOEjaN9K",2000,3339,0
199,Universite Libre de Bruxelles,71.252,Belgium,Bruxelles,ULBruxelles,179941278,fr,TRUE,Universit√© libre de Bruxelles (ULB) - Suivez-nous et restez inform√©s de toutes nos activit√©s et √©v√©nements ! #ULB,6757,16099,1503
200,Wake Forest University,71.15,USA,"Winston-Salem, NC",WakeForest,34685994,en,TRUE,Campus life and news from the official Twitter account of Wake Forest University. #WFU #WakeWill üé© https://t.co/YXFRATYq6P,36355,31485,4943
201,University of Connecticut,71.142,USA,"Storrs, CT",UConn,84327770,und,TRUE,"The University of Connecticut is home to more than 32,000 students, 1,500 faculty, 255,000 proud alumni, and a handsome husky named Jonathan. #UConnNation",12679,102680,804
202,"Royal Holloway, University of London",71.094,UK,"Egham, Surrey",RoyalHolloway,22626892,en,TRUE,"Royal Holloway is one of the UK‚Äôs leading research-intensive universities. Based in Surrey, our campus is among the most beautiful in the world.",10280,25440,849
203,Temple University,70.933,USA,"Philadelphia, PA, USA",TempleUniv,36445142,en,TRUE,The official Twitter feed of Temple University. Your source for info and community from one of the nation's great urban universities. #TempleMade,33903,157935,1716
204,North Carolina State University,70.768,USA,"Raleigh, NC 27695",NCState,487624974,en,TRUE,"NC State creates societal, economic and intellectual prosperity. Follow us to see how we #ThinkAndDo.",21914,121720,416
205,Aix Marseille University,70.732,France,"Marseille, Aix-en-Provence",univamu,593552841,fr,TRUE,Compte officiel üéì‚Ä¢ 78 000 √©tudiants ‚Ä¢ 120 structures de #recherche ‚Ä¢ 12 √©coles doctorales ‚Ä¢ 5 campus ‚Ä¢ 8000 personnels #Idex #interdisciplinarit√© #CIVIS,3230,8675,587
206,University of Aberdeen,70.625,UK,"Aberdeen, Scotland",aberdeenuni,20427406,en,TRUE,"Scottish University of the Year 2019. Est. 1495. News, events, research and study opportunities from the University of Aberdeen. We RT to share, not to endorse.",10664,62984,3683
207,Newcastle University,70.561,UK,"Newcastle, Tyne and Wear, UK",UniofNewcastle,96741105,en,TRUE,Official page for latest news from Newcastle University - a top 150 QS World University. Monitored Mon-Fri 9-5. Students follow @studentsncl +44 (0)191 208 7850,10478,37422,1438
208,Pompeu Fabra University,70.308,Spain,Barcelona,UPFBarcelona,241191056,und,TRUE,"Twitter oficial de la Universitat Pompeu Fabra (UPF), una universitat p√∫blica, internacional i intensiva en recerca.",21306,34911,1084
209,University of Pisa,70.263,Italy,Pisa,Unipisa,419650046,it,FALSE,"The University of Pisa, founded in 1343, is one of the most ancient and prestigious universities in Europe",4139,15289,609
210,Laval University,70.225,Canada,Quebec City,universitelaval,60184668,fr,TRUE,"Premi√®re universit√© francophone d'Am√©rique, l'Universit√© Laval tire sa force de son exp√©rience et du dynamisme qui la caract√©risent.",7801,30356,2384
211,University of Montpellier,70.066,France,Montpellier,umontpellier,2294544162,ro,FALSE,Universit√© de #Montpellier : 48000 √©tudiants - 76 laboratoires de recherche ‚Äì pilote de l‚Äô@IsiteMUSE (19 √©tablissements partenaires),3184,9699,1153
212,University of Padua,69.935,Italy,Padova,UniPadova,180753423,it,TRUE,Il canale ufficiale dell'Universit√† di Padova. Consulta la policy sui social di Ateneo https://t.co/bqH9le2XZM,11974,10152,623
213,Tehran University of Medical Sciences,69.894,Iran,NA,NA,NA,NA,NA,NA,NA,NA,NA
214,University of Hawaii,69.823,USA,Hawaiian Islands,UHawaiiNews,17851248,en,FALSE,"10 campuses, 6 islands, 1 UH System #Hawaii #highered #UHohana",15724,30229,2233
215,University College Dublin,69.687,Ireland,University College Dublin,ucddublin,22132266,en,TRUE,"Official source of news from University College Dublin (UCD) - Ireland's Global University. Est. 1854.

One of Europe's leading research-intensive universities",14945,47609,1910
216,Moscow Institute of Physics and Technology,69.657,Russia,"Dolgoprudny, Russia",phystech_en,2420128578,en,FALSE,The Moscow Institute of Physics and Technology is a Russian leading university in STEM education and research.,1092,1620,559
217,Drexel University,69.495,USA,"Philadelphia, PA",DrexelUniv,17809006,en,TRUE,"Drexel is an academically comprehensive and globally engaged urban research university, known for the nation's premier co-op program. #ambitioncantwait üêâ",2837,25848,329
218,Harbin Institute of Technology,69.494,China,"Harbin, Heilongjiang, China",HIT_China,812641495,en,FALSE,Welcome to Harbin Institute of Technology,17,26,1
219,University of Surrey,69.483,UK,"South East, England",UniOfSurrey,19446296,en,TRUE,"The official Twitter account for the University of Surrey ‚Äî our social media team is here for you weekdays, 9am-5pm.",18599,57946,1578
220,James Cook University,69.4,Australia,Tropical North Queensland,jcu,16661704,en,TRUE,"James Cook University is Australia's leading tropical research university, with campuses in Townsville, Cairns and Singapore.",17228,16303,1029
221,"Indian Institute of Technology, Kharagpur",69.208,India,"Kharagpur, West Bengal, India",IITKgp,735527910,en,TRUE,This is the official account of IIT Kharagpur. http://t.co/1Yo2qaNd8I,1623,37885,196
222,Dalhousie University,68.82,Canada,"Nuova Scozia, Canad√†",DalhousieU,42391676,en,TRUE,"This is #DalhousieU ‚Äì Atlantic Canada‚Äôs leading research-intensive university, just steps from the ocean. üåä",20324,22318,623
223,University of Nebraska,68.757,USA,Nebraska,u_nebraska,243366276,en,FALSE,"The 4 campuses of the University of Nebraska are home to more than 51,000 students & 16,000 employees who serve the state through teaching, research & outreach.",10773,11527,382
224,Universiti Teknologi Malaysia,68.739,Malaysia,Malaysia,utm_my,45527356,in,FALSE,innovative .  entrepreneurial .  global,11647,102934,64
225,St George`s University of London,68.676,UK,London,StGeorgesUni,160583127,en,TRUE,"News and updates from St George's, University of London - a specialist medical and health sciences college which is part of the University of London. 
@UoLondon",14222,10330,1958
